TZ1;t1;TZ2;t2;TZ3;t3;TZ4;t4;TZ5;t5;TZ6;t6;TZ7;t7;TZ8;t8;TZ9;t9;TP1;TP2;TP3;TP4;TP5;TP6;TP7;TP8;TP9;index
655;20;660;20;665;20;670;20;675;20;680;20;685;20;690;20;695;20;246.35;419.03;538.82;608.64;645.73;665.46;676.97;684.79;691.02;1
653;20;658;20;663;20;668;20;673;20;678;20;683;20;688;20;693;20;244.48;416.08;535.67;605.76;643.18;663.15;674.8;682.7;688.96;2
655;20;665;20;675;20;685;20;695;20;705;20;715;20;725;20;735;20;246.35;423.26;548.56;623.39;664.96;689.11;705.21;717.82;728.98;3
655;20;665;20;675;20;685;20;695;20;705;20;715;20;715;20;715;20;246.35;423.26;548.56;623.39;664.96;689.11;705.21;711.19;713.52;4
630;20;660;20;690;20;710;20;710;20;710;20;710;20;710;20;710;20;223.63;403.5;548.69;640.67;681.61;698.68;705.54;708.25;709.31;5
660;20;660;20;660;20;660;20;660;20;660;20;660;20;660;20;660;20;251.1;422.23;537.07;601.28;633.14;647.97;654.66;657.64;658.96;6
670;20;680;20;690;20;690;20;690;20;690;20;690;20;700;20;705;20;260.79;445.78;572.25;637.74;667.8;680.75;686.18;694.79;701.11;7
670;20;680;20;690;20;690;20;690;20;690;20;690;20;700;20;705;20;260.79;445.78;572.25;637.74;667.8;680.75;686.18;694.79;701.11;8
695;20;690;20;685;20;680;20;675;20;670;20;665;20;660;20;655;20;286.19;470.86;581.97;635.82;657.71;664.48;664.59;661.83;657.84;9
330;20;335;20;340;20;345;20;350;20;355;20;360;20;365;20;370;20;61.007;96.371;130.91;164.09;195.43;224.5;250.97;274.7;295.68;10
360;20;360;20;360;20;360;20;360;20;360;20;360;20;360;20;360;20;69.835;111.34;150.07;185.41;216.93;244.37;267.71;287.15;303.04;11
370;20;345;20;345;20;345;20;340;20;340;20;335;20;330;20;325;20;73.066;109.61;144.39;176.25;203.49;227.58;247.08;262.48;274.27;12
730;20;735;20;740;20;745;20;750;20;755;20;760;20;765;20;770;20;324.61;535.01;654.91;710.94;735.99;748.45;756.17;762.16;767.53;13
770;20;765;20;760;20;755;20;750;20;745;20;740;20;735;20;730;20;372.58;589.76;694.02;732.59;743.55;744.29;741.36;737.14;732.46;14
453;20;458;20;463;20;468;20;473;20;478;20;483;20;488;20;493;20;106.18;180.07;247.98;307.32;356.51;395.45;425.23;447.59;464.36;15
571.25;20;585;20;598.75;20;607.5;20;611.25;20;615;20;618.75;20;625;20;630;20;176.56;310.7;423.98;505.42;555.77;585.2;602.35;614.29;622.71;16
665;20;670;20;675;20;678;20;682;20;685;20;690;20;694;20;697;20;255.91;433.91;554.56;621.56;655.85;672.78;683.04;689.66;694.13;17
641.25;20;642.5;20;643.75;20;644.5;20;645.5;20;646.25;20;647.5;20;648.5;20;649.25;20;233.65;395.9;510.02;577.47;613.19;630.94;639.97;644.66;647.2;18
665;20;680;20;683;20;687;20;690;20;693;20;695;20;697;20;698;20;255.91;442.58;565.08;632.53;665.62;681.76;689.66;694.09;696.46;19
654;20;669;20;672;20;676;20;679;20;682;20;684;20;686;20;687;20;245.41;426.05;547.74;616.92;651.88;669.27;677.88;682.69;685.25;20
643;20;658;20;661;20;665;20;682;20;685;20;687;20;689;20;690;20;235.24;409.79;530.36;601.09;647;668.93;679.52;685.15;688.04;21
564;20;569;20;574;20;579;20;584;20;589;20;594;20;599;20;604;20;171.35;295.64;397.54;472.04;521.68;553.05;572.81;585.78;595;22
630;20;645;20;648;20;652;20;676;20;679;20;681;20;683;20;684;20;223.63;390.95;509.81;582.1;634.61;659.86;672.09;678.49;681.73;23
661;20;664;20;666;20;667;20;679;20;688;20;697;20;698;20;699;20;252.05;426.24;543.66;609.05;648.63;671.69;686.96;693.56;696.84;24
660;20;663;20;666;20;670;20;673;20;676;20;680;20;683;20;686;20;251.1;424.75;542.83;610.64;645.37;662.86;672.87;678.85;683.14;25
656;20;659;20;668;20;672;20;675;20;679;20;682;20;685;20;688;20;247.3;418.83;540.98;610.96;646.72;665.27;675.04;680.95;685.19;26
633;20;636;20;645;20;649;20;652;20;656;20;659;20;662;20;665;20;226.27;385.52;504.66;577.45;617.02;638.39;649.9;656.77;661.51;27
665;20;668;20;677;20;681;20;684;20;688;20;691;20;694;20;697;20;255.91;432.2;555.17;623.82;658.05;675.56;684.72;690.32;694.4;28
677;20;680;20;21;20;682;20;685;20;689;20;692;20;695;20;698;20;267.73;450.3;567.99;630.61;661.71;677.72;686.22;691.53;695.5;29
657;20;661;20;667;20;671;20;677;20;681;20;687;20;691;20;697;20;248.24;421.15;541.52;610.6;647.89;666.97;678.84;686.13;692.8;30
658;20;662;20;668;20;672;20;678;20;682;20;688;20;692;20;698;20;249.19;422.63;543.1;612.04;649.16;668.12;679.92;687.18;693.83;31
659;20;663;20;669;20;673;20;679;20;683;20;689;20;693;20;699;20;250.14;424.11;544.67;613.47;650.42;669.27;681;688.22;694.86;32
660;20;664;20;670;20;674;20;680;20;684;20;690;20;694;20;700;20;251.1;425.6;546.25;614.9;651.69;670.41;682.08;689.27;695.89;33
650;20;654;20;660;20;664;20;670;20;674;20;680;20;684;20;690;20;241.68;410.85;530.48;600.52;638.96;658.87;671.23;678.79;685.59;34
651;20;655;20;661;20;665;20;671;20;675;20;681;20;685;20;691;20;242.61;412.31;532.06;601.97;640.24;660.04;672.32;679.84;686.62;35
652;20;656;20;662;20;666;20;672;20;676;20;682;20;686;20;692;20;243.54;413.78;533.64;603.41;641.52;661.2;673.4;680.89;687.65;36
653;20;657;20;663;20;667;20;673;20;677;20;683;20;687;20;693;20;244.47;415.25;535.21;604.85;642.8;662.35;674.49;681.94;688.68;37
654;20;658;20;664;20;668;20;674;20;678;20;684;20;688;20;694;20;245.41;416.72;536.79;606.29;644.07;663.51;675.58;682.99;689.71;38
655;20;659;20;665;20;669;20;675;20;679;20;685;20;689;20;695;20;246.35;418.19;538.37;607.73;645.35;664.66;676.67;684.03;690.74;39
656;20;660;20;666;20;670;20;676;20;680;20;686;20;690;20;696;20;247.3;419.67;539.94;609.17;646.62;665.81;677.75;685.08;691.77;40
650;20;654;20;660;20;660;20;664;20;670;20;674;20;691;20;697;20;241.68;410.85;530.48;597.85;634.03;654.39;665.68;681.1;690.74;41
651;20;655;20;661;20;663;20;664;20;670;20;674;20;692;20;698;20;242.61;412.31;532.06;600.63;635.22;654.93;665.92;681.84;691.65;42
652;20;656;20;662;20;666;20;668;20;670;20;674;20;693;20;699;20;243.54;413.78;533.64;603.41;638.96;656.45;666.58;682.76;692.63;43
653;20;657;20;663;20;660;20;664;20;670;20;674;20;694;20;700;20;244.47;415.25;535.21;600.18;635.13;654.89;665.9;683.12;693.38;44
654;20;658;20;660;20;660.3;20;664.3;20;671.1;20;675.7;20;684;20;690;20;245.41;416.72;533.85;599.8;635.13;655.56;667.21;677.24;684.95;45
655;20;659;20;660;20;662;20;664.6;20;673.5;20;677.2;20;685;20;691;20;246.35;418.19;534.69;601.37;636;657.45;668.87;678.52;686.07;46
656;20;660;20;660;20;662.3;20;664.9;20;675.9;20;678.7;20;686;20;692;20;247.3;419.67;535.53;602;636.47;659.16;670.46;679.77;687.19;47
650;20;654;20;660;20;662.6;20;665.2;20;678.3;20;680.2;20;687;20;693;20;241.68;410.85;530.48;599.58;635.51;660.24;671.78;680.9;688.25;48
651;20;655;20;660;20;662.9;20;665.5;20;680.7;20;681.7;20;688;20;694;20;242.61;412.31;531.32;600.22;635.99;661.97;673.37;682.15;689.37;49
652;20;656;20;660;20;663.2;20;665.8;20;683.1;20;683.2;20;689;20;695;20;243.54;413.78;532.17;600.86;636.47;663.71;674.97;683.39;690.48;50
653;20;657;20;660;20;667;20;675;20;685.5;20;688;20;690;20;696;20;244.47;415.25;533.01;603.85;643.62;643.62;679.76;685.84;692.09;51
654;20;658;20;660;20;667;20;675;20;687.9;20;688;20;691;20;697;20;245.41;416.72;533.85;604.28;643.82;669.69;680.36;686.72;693.05;52
653;20;657;20;660;20;667;20;675;20;679;20;688;20;688.1428571;20;694.1428571;20;244.47;415.25;533.01;603.85;643.62;663.91;678.25;684.04;690.23;53
653;20;657;20;660;20;667;20;675;20;676.0857143;20;688;20;687.5714286;20;693.5714286;20;244.47;415.25;533.01;603.85;643.62;662.07;677.57;683.4;689.63;54
653;20;657;20;660;20;667;20;675;20;678.3;20;685;20;687;20;693;20;244.47;415.25;533.01;603.85;643.62;663.46;676.18;682.57;688.94;55
653;20;657;20;660;20;667;20;675;20;680.7;20;688;20;688;20;694;20;244.47;415.25;533.01;603.85;643.62;664.98;678.64;684.11;690.18;56
654;20;658;20;660;20;667;20;675;20;681.7;20;688;20;689;20;695;20;245.41;416.72;533.85;604.28;643.82;665.71;678.91;684.86;691.08;57
655;20;659;20;660;20;667;20;675;20;682.7;20;688;20;690;20;696;20;251.5;418.19;534.69;604.72;644.03;666.44;679.18;685.6;691.99;58
652.7142857;20;656.7142857;20;660;20;667;20;675;20;681.5122449;20;685;20;688.6734694;20;694.6734694;20;244.21;414.83;532.77;603.72;643.56;665.48;676.92;683.93;690.51;59
652;20;655;20;660;20;666;20;671;20;676;20;680;20;683;20;686;20;243.54;412.95;531.71;602.5;640.45;660.76;671.96;678.47;682.98;60
653;20;656;20;660;20;667;20;672;20;677;20;681;20;684;20;687;20;244.47;414.41;532.55;603.61;641.58;661.85;673.02;679.51;684;61
654;20;657;20;660;20;668;20;673;20;678;20;682;20;685;20;688;20;245.41;415.88;533.39;604.72;642.7;662.94;674.08;680.54;685.02;62
655;20;658;20;660;20;669;20;674;20;679;20;683;20;686;20;689;20;246.35;417.36;534.23;605.83;643.82;664.03;675.13;681.58;686.04;63
656;20;659;20;660;20;670;20;675;20;680;20;684;20;687;20;690;20;247.3;418.83;535.07;606.94;644.94;665.12;676.19;682.61;687.06;64
657;20;660;20;664;20;671;20;676;20;681;20;685;20;688;20;691;20;248.24;420.31;538.85;609.38;646.68;666.48;677.36;683.69;688.11;65
658;20;661;20;664;20;672;20;677;20;682;20;686;20;689;20;692;20;249.19;421.79;539.68;610.48;647.79;667.56;678.42;684.73;689.13;66
659;20;662;20;664;20;673;20;678;20;683;20;687;20;690;20;693;20;250.14;423.27;540.52;611.59;648.91;668.65;679.47;685.76;690.15;67
450;20;460;20;480;20;495;20;510;20;517;20;520;20;525;20;530;20;104.77;179.84;255.82;325.87;387.06;433.96;466.73;489.97;506.49;68
533;20;544;20;555;20;566;20;577;20;588;20;600;20;610;20;621;20;150.44;263.06;362.08;441.16;499.29;540.03;569.14;589.74;606.09;69
536;20;547;20;558;20;569;20;580;20;591;20;603;20;613;20;624;20;152.36;266.47;366.43;445.81;503.77;544.19;572.96;593.3;609.46;70
524;20;535;20;546;20;557;20;568;20;579;20;591;20;601;20;612;20;144.78;252.99;349.18;427.26;485.75;527.47;557.57;578.99;595.89;71
681;20;684;20;686;20;695;20;700;20;711;20;723;20;733;20;744;20;271.75;456.4;574.98;642.69;676.35;697.6;713.67;726.14;737.92;72
598;20;601;20;603;20;612;20;617;20;628;20;640;20;650;20;661;20;196.92;337.49;445.08;521.1;567.73;598.78;620.95;637.05;650.73;73
600;20;603;20;605;20;614;20;619;20;631;20;643;20;653;20;664;20;198.51;340.14;448.16;524.14;570.51;601.91;624.14;640.22;653.88;74
602;20;605;20;607;20;616;20;621;20;634;20;646;20;656;20;667;20;200.11;342.81;451.26;527.18;573.29;605.02;627.33;643.4;657.03;75
604;20;607;20;609;20;618;20;623;20;637;20;649;20;659;20;670;20;201.73;345.48;454.35;530.21;576.05;608.14;630.52;646.57;660.18;76
606;20;609;20;611;20;620;20;625;20;640;20;652;20;662;20;673;20;203.35;348.16;457.45;533.25;578.81;611.25;633.7;649.74;663.33;77
608;20;611;20;613;20;622;20;627;20;643;20;655;20;665;20;676;20;204.98;350.86;460.56;536.27;581.56;614.36;636.88;652.91;666.47;78
610;20;613;20;615;20;624;20;629;20;646;20;658;20;668;20;679;20;206.63;353.57;463.67;539.3;584.3;617.47;640.05;656.08;669.61;79
612;20;615;20;617;20;626;20;631;20;649;20;661;20;671;20;682;20;208.28;356.29;466.78;542.31;587.04;620.58;643.23;659.24;672.75;80
614;20;617;20;619;20;628;20;633;20;652;20;664;20;674;20;685;20;209.94;359.02;469.9;545.33;589.76;623.68;646.4;662.4;675.89;81
616;20;619;20;621;20;630;20;635;20;655;20;667;20;677;20;688;20;211.62;361.76;473.02;548.34;592.48;626.78;649.57;665.56;679.02;82
618;20;621;20;623;20;632;20;637;20;658;20;670;20;680;20;691;20;213.3;364.52;476.14;551.34;595.19;629.88;652.74;668.72;682.16;83
695;20;690;20;685;20;680;20;675;20;670;20;665;20;660;20;657;20;286.19;470.86;581.97;635.82;657.71;664.48;664.59;661.83;659.02;84
694;20;689;20;684;20;679;20;674;20;669;20;664;20;659;20;656;20;285.14;469.32;580.43;634.46;656.51;663.38;663.54;660.81;658.02;85
693;20;688;20;683;20;678;20;673;20;668;20;663;20;658;20;655;20;284.09;467.78;578.88;633.09;655.3;662.28;662.5;659.8;657.02;86
692;20;687;20;682;20;677;20;672;20;667;20;662;20;657;20;654;20;283.05;466.24;577.34;631.73;654.1;661.17;661.45;658.78;656.02;87
691;20;686;20;681;20;676;20;671;20;666;20;661;20;656;20;653;20;282.01;464.71;575.79;630.36;652.89;660.07;660.41;657.77;655.02;88
690;20;685;20;680;20;675;20;670;20;665;20;660;20;655;20;652;20;280.97;463.17;574.25;628.99;651.68;658.96;659.36;656.75;654.01;89
689;20;684;20;679;20;674;20;669;20;664;20;659;20;654;20;651;20;279.94;461.64;572.7;627.61;650.47;657.86;658.31;655.73;653.01;90
467;20;462;20;457;20;452;20;447;20;442;20;437;20;432;20;429;20;112.98;187.6;251.62;303.49;343.09;371.6;390.94;403.23;411.03;91
500;20;570;20;570;20;300;20;230;20;215;20;170;20;155;20;121;20;130.56;264.54;371.34;347.61;325.84;307.62;288.09;271.07;254.29;92
600;20;670;20;670;20;400;20;330;20;315;20;270;20;255;20;221;20;198.51;394.7;527.2;474.73;433.48;403.44;373.86;350.09;327.2;93
640;20;620;20;570;20;670;20;555;20;695;20;680;20;685;20;705;20;232.52;377.45;451.03;565.14;555.96;638.36;661.41;675.24;693.74;94
673;20;653;20;603;20;703;20;588;20;728;20;713;20;718;20;738;20;263.74;424.92;500.54;615.06;597.03;679.78;699.2;710.88;728.68;95
680;20;690;20;680;20;633;20;677;20;616;20;700;20;640;20;555;20;270.74;461.04;572.79;601.73;645.23;627.63;672.67;652.43;602.43;96
662;20;672;20;662;20;615;20;659;20;598;20;682;20;622;20;537;20;253.01;433.71;544.75;577.23;622.62;607.94;652.53;634.07;586.1;97
66;20;124;20;132;20;234;20;276;20;345;20;423;20;473;20;534;20;23.77;28.986;34.374;51.766;75.125;113.61;174.86;249.38;341.82;98
465;20;432;20;387;20;344;20;398;20;321;20;277;20;231;20;189;20;111.99;173.34;212.75;235.56;272.63;280.16;278.88;270.96;259.59;99
234;20;342;20;365;20;422;20;455;20;485;20;510;20;657;20;690;20;40.345;80.413;123.31;182.79;247.95;315.5;379.67;514.97;610.74;100
356;20;365;20;380;20;390;20;402;20;411;20;418;20;427;20;433;20;68.584;111.84;156.84;200.67;243.17;282.14;316.33;346.39;371.26;101
402;20;411;20;426;20;436;20;448;20;457;20;464;20;473;20;479;20;84.453;141.67;199.67;254.24;304.65;348.22;383.9;413.3;436;102
448;20;457;20;472;20;482;20;494;20;494;20;510;20;519;20;525;20;103.84;177.65;250.16;315.26;371.75;412.88;448.79;476.1;495.84;103
494;20;503;20;518;20;528;20;540;20;656;20;666;20;675;20;694;20;127.2;220.27;308.09;441.67;550.8;612.44;647.64;675.31;675.31;104
566;20;565;20;571;20;581;20;586;20;596;20;600;20;605;20;611;20;172.77;294.05;394.66;471.45;522.38;557.27;578.09;591.58;601.57;105
587;20;589;20;592;20;602;20;607;20;617;20;621;20;626;20;632;20;188.33;322.41;427.72;504.63;553.03;585.08;603.5;615.34;624.33;106
608;20;613;20;613;20;623;20;628;20;638;20;642;20;647;20;653;20;204.98;352.38;461.49;537.46;582.76;611.89;628.08;638.5;646.68;107
629;20;637;20;634;20;644;20;649;20;659;20;663;20;668;20;674;20;222.76;383.85;495.69;569.71;611.5;637.77;651.94;661.17;668.71;108
600;20;661;20;610;20;615;20;620;20;625;20;630;20;635;20;640;20;198.51;386.78;479.96;543.38;581.43;603.86;617.67;627.02;634.16;109
602;20;608;20;612;20;617;20;622;20;627;20;632;20;637;20;642;20;200.11;345.05;456.04;530.46;575.62;602.01;617.86;628.2;635.8;110
604;20;610;20;614;20;619;20;624;20;629;20;634;20;639;20;644;20;201.73;347.73;459.15;533.49;578.38;604.5;620.16;630.38;637.91;111
606;20;612;20;616;20;621;20;626;20;631;20;636;20;641;20;646;20;203.35;350.43;462.26;536.51;581.12;606.99;622.45;632.56;640.02;112
608;20;614;20;618;20;623;20;628;20;633;20;638;20;643;20;648;20;204.98;353.13;465.38;539.53;583.86;609.46;624.74;634.73;642.13;113
610;20;616;20;620;20;625;20;630;20;635;20;640;20;645;20;650;20;206.63;355.85;468.5;542.55;586.59;611.93;627.02;636.9;644.24;114
612;20;618;20;622;20;627;20;632;20;637;20;642;20;647;20;652;20;208.28;358.59;471.63;545.56;589.31;614.39;629.3;639.07;646.34;115
616;20;620;20;626;20;631;20;636;20;641;20;646;20;651;20;656;20;211.62;362.53;476.96;551.03;594.45;619.15;633.77;643.36;650.52;116
620;20;622;20;630;20;635;20;640;20;645;20;650;20;655;20;660;20;215;366.51;482.31;556.5;599.58;623.88;638.23;647.64;654.7;117
624;20;626;20;634;20;639;20;644;20;649;20;654;20;659;20;664;20;218.42;372.06;488.59;562.47;604.94;628.73;642.73;651.93;658.88;118
628;20;630;20;638;20;643;20;648;20;653;20;658;20;663;20;668;20;221.88;377.66;494.88;568.43;610.27;633.54;647.2;656.21;663.05;119
632;20;634;20;642;20;647;20;652;20;657;20;662;20;667;20;672;20;225.39;383.3;501.18;574.36;615.57;638.33;651.66;660.47;667.21;120
636;20;638;20;646;20;651;20;656;20;661;20;666;20;671;20;676;20;228.93;388.99;507.48;580.26;620.84;643.09;656.09;664.73;671.37;121
640;20;642;20;650;20;655;20;660;20;665;20;670;20;675;20;680;20;232.52;394.71;513.79;586.14;626.07;647.82;660.51;668.97;675.52;122
644;20;650;20;654;20;659;20;664;20;669;20;674;20;679;20;684;20;236.15;403.75;521.93;592.96;631.74;652.73;665;673.23;679.67;123
648;20;658;20;658;20;663;20;668;20;673;20;678;20;683;20;688;20;239.82;412.92;530.07;599.73;637.34;657.6;669.46;677.49;683.82;124
652;20;658;20;662;20;667;20;672;20;677;20;682;20;687;20;692;20;243.54;415.45;534.55;604.55;642.01;662.04;673.73;681.65;687.93;125
656;20;662;20;666;20;671;20;676;20;681;20;686;20;691;20;696;20;247.3;421.35;540.85;610.31;647.1;666.66;678.07;685.85;692.05;126
660;20;666;20;670;20;675;20;680;20;685;20;690;20;695;20;700;20;251.1;427.29;547.15;616.03;652.16;671.26;682.4;690.03;696.17;127
406;20;412;20;416;20;421;20;426;20;431;20;436;20;441;20;446;20;85.993;143.36;197.19;246.45;289.9;326.92;357.54;382.29;402.06;128
410;20;416;20;420;20;425;20;430;20;435;20;440;20;445;20;450;20;87.56;146.27;201.24;251.37;295.39;332.68;363.33;387.96;407.52;129
414;20;424;20;424;20;429;20;434;20;439;20;444;20;449;20;454;20;89.154;150.85;206.66;257.48;301.84;339.19;369.67;394.01;413.24;130
232;20;234;20;242;20;247;20;252;20;257;20;262;20;267;20;272;20;40.02;56.194;72.992;89.726;106.34;122.74;138.83;154.5;169.68;131
236;20;238;20;246;20;251;20;256;20;261;20;266;20;271;20;276;20;40.673;57.424;74.797;92.083;109.22;126.1;142.62;158.68;174.19;132
240;20;242;20;250;20;255;20;260;20;265;20;270;20;275;20;280;20;41.341;58.683;76.644;94.491;112.16;129.53;146.49;162.93;178.76;133
657;20;662;20;667;20;672;20;676;20;682;20;687;20;692;20;697;20;248.24;421.99;541.97;611.51;647.62;667.52;679.03;686.85;693.06;134
658;20;663;20;668;20;673;20;677;20;683;20;688;20;693;20;698;20;249.19;423.47;543.55;612.94;648.88;668.67;680.12;687.89;694.09;135
659;20;664;20;669;20;674;20;678;20;684;20;689;20;694;20;699;20;250.14;424.96;545.12;614.38;650.15;669.82;681.2;688.94;695.12;136
660;20;665;20;670;20;675;20;679;20;685;20;690;20;695;20;700;20;251.1;426.44;546.7;615.8;651.41;670.97;682.28;689.99;696.15;137
661;20;666;20;671;20;676;20;680;20;686;20;691;20;696;20;701;20;252.05;427.93;548.27;617.23;652.67;672.12;683.36;691.03;697.17;138
662;20;667;20;672;20;677;20;681;20;687;20;692;20;697;20;702;20;253.01;429.43;549.84;618.66;653.93;673.26;684.44;692.08;698.2;139
663;20;668;20;673;20;678;20;682;20;688;20;693;20;698;20;703;20;253.98;430.92;551.42;620.08;655.18;674.4;685.52;693.12;699.23;140
656;20;661;20;666;20;671;20;675;20;681;20;686;20;691;20;696;20;247.3;420.51;540.4;610.08;646.35;666.37;677.95;685.8;692.03;141
655;20;660;20;665;20;670;20;674;20;680;20;685;20;690;20;695;20;246.35;419.03;538.82;608.64;645.08;665.22;676.87;684.75;691;142
654;20;659;20;664;20;669;20;673;20;679;20;684;20;689;20;694;20;245.41;417.56;537.24;607.2;643.81;664.06;675.78;683.7;689.97;143
653;20;658;20;663;20;668;20;672;20;678;20;683;20;688;20;693;20;244.48;416.08;535.67;605.76;642.54;662.91;674.69;682.65;688.94;144
652;20;657;20;662;20;667;20;671;20;677;20;682;20;687;20;692;20;243.54;414.61;534.09;534.09;641.26;661.75;673.61;681.6;687.91;145
651;20;656;20;661;20;666;20;670;20;676;20;681;20;686;20;691;20;242.61;413.14;532.51;602.88;639.98;660.59;672.52;680.55;686.88;146
650;20;655;20;660;20;665;20;669;20;675;20;680;20;685;20;690;20;241.68;411.68;530.94;601.43;638.7;659.43;671.43;679.5;685.85;147
649;20;654;20;659;20;664;20;668;20;674;20;679;20;684;20;689;20;240.75;410.21;529.36;599.98;637.42;658.27;670.34;678.45;684.81;148
648;20;653;20;658;20;663;20;667;20;673;20;678;20;683;20;688;20;239.82;408.75;527.78;598.53;636.14;657.1;669.24;677.39;683.78;149
647;20;652;20;657;20;662;20;666;20;672;20;677;20;682;20;687;20;238.9;407.29;526.21;597.08;634.85;655.94;668.15;676.34;682.75;150
646;20;651;20;656;20;661;20;665;20;671;20;676;20;681;20;686;20;237.98;405.84;524.63;595.63;633.56;654.77;667.06;675.29;681.72;151
645;20;650;20;655;20;660;20;664;20;670;20;675;20;680;20;685;20;237.07;404.38;523.05;594.18;632.27;653.6;665.96;674.23;680.68;152
644;20;649;20;654;20;659;20;663;20;669;20;674;20;679;20;684;20;236.15;402.93;521.48;592.72;630.98;652.43;664.87;673.18;679.65;153
643;20;648;20;653;20;658;20;662;20;668;20;673;20;678;20;683;20;235.24;401.48;519.9;591.26;629.69;651.26;663.77;672.12;678.61;154
642;20;647;20;652;20;657;20;661;20;667;20;672;20;677;20;682;20;234.33;400.03;518.32;589.8;628.39;650.08;662.67;671.07;677.58;155
641;20;646;20;651;20;656;20;660;20;666;20;671;20;676;20;681;20;233.43;398.59;516.74;588.34;588.34;648.91;661.57;670.01;676.54;156
640;20;645;20;650;20;655;20;659;20;665;20;670;20;675;20;680;20;232.52;397.14;515.17;586.88;625.79;647.73;660.47;668.95;675.51;157
657;19;660;19;665;19;670;19;675;19;680;19;685;19;690;19;695;19;238.61;405.72;526.02;599.42;640.06;662.25;675.2;683.79;690.41;158
658;19;661;19;666;19;671;19;676;19;681;19;686;19;691;19;696;19;239.52;407.17;527.6;600.89;641.37;663.43;676.3;684.85;691.45;159
659;19;662;19;667;19;672;19;677;19;682;19;687;19;692;19;697;19;240.44;408.62;529.19;602.36;642.67;664.61;677.4;685.91;692.49;160
660;19;663;19;668;19;673;19;678;19;683;19;688;19;693;19;698;19;241.35;410.08;530.77;603.82;643.98;665.79;678.5;686.97;693.52;161
661;19;664;19;669;19;674;19;679;19;684;19;689;19;694;19;699;19;242.27;411.53;532.35;605.29;645.28;666.97;679.6;688.03;694.56;162
662;19;665;19;670;19;675;19;680;19;685;19;690;19;695;19;700;19;243.19;412.99;533.94;606.75;646.57;668.14;680.7;689.08;695.59;163
663;19;666;19;671;19;676;19;681;19;686;19;691;19;696;19;701;19;244.12;414.45;535.52;608.21;647.87;669.31;681.8;690.14;696.63;164
664;19;667;19;672;19;677;19;682;19;687;19;692;19;697;19;702;19;245.05;415.91;537.1;609.67;649.17;670.48;682.89;691.19;697.66;165
665;19;668;19;673;19;678;19;683;19;688;19;693;19;698;19;703;19;245.98;417.38;538.69;611.13;650.46;671.65;683.99;692.25;698.69;166
656;19;659;19;664;19;669;19;674;19;679;19;684;19;689;19;694;19;237.7;404.28;524.44;597.95;638.75;661.07;674.09;682.73;689.38;167
655;19;658;19;663;19;668;19;673;19;678;19;683;19;688;19;693;19;236.79;402.83;522.85;596.47;637.44;659.88;672.99;681.67;688.34;168
654;19;657;19;662;19;667;19;672;19;677;19;682;19;687;19;692;19;235.89;401.39;521.27;595;636.13;658.7;671.88;680.61;687.3;169
653;19;656;19;661;19;666;19;671;19;676;19;681;19;686;19;691;19;234.99;399.95;519.69;593.52;634.82;657.51;670.77;679.55;686.26;170
652;19;655;19;660;19;665;19;670;19;675;19;680;19;685;19;690;19;234.09;398.52;518.11;592.05;633.5;656.32;669.66;678.49;685.23;171
651;19;654;19;659;19;664;19;669;19;674;19;679;19;684;19;689;19;233.19;397.08;516.52;590.57;632.18;655.13;668.55;677.42;684.19;172
658;19;661;19;666;19;670;19;675;19;680;19;685;19;690;19;695;19;239.52;407.17;527.6;600.22;640.45;662.43;675.28;683.83;690.43;173
659;19;662;19;667;19;671;19;676;19;681;19;686;19;691;19;696;19;240.44;408.62;529.19;601.69;641.76;663.61;676.38;684.89;691.47;174
660;19;663;19;668;19;672;19;677;19;682;19;687;19;692;19;697;19;241.35;410.08;530.77;603.16;643.06;664.79;677.48;685.95;692.5;175
662;19;665;19;670;19;674;19;679;19;684;19;689;19;694;19;699;19;243.19;412.99;533.94;606.08;645.66;667.14;679.68;688.06;694.57;176
663;19;666;19;671;19;675;19;680;19;685;19;690;19;695;19;700;19;244.12;414.45;535.52;607.54;646.96;668.31;680.78;689.12;695.61;177
664;19;667;19;672;19;676;19;681;19;686;19;691;19;696;19;701;19;245.05;415.91;537.1;609;648.25;669.48;681.87;690.17;696.64;178
665;19;668;19;673;19;677;19;682;19;687;19;692;19;697;19;702;19;245.98;417.38;538.69;610.46;649.54;670.65;682.97;691.23;697.67;179
666;19;669;19;674;19;678;19;683;19;688;19;693;19;698;19;703;19;246.91;418.84;540.27;611.91;650.83;671.82;684.06;692.28;698.71;180
657;19;660;19;665;19;669;19;674;19;679;19;684;19;689;19;694;19;238.61;405.72;526.02;598.75;639.15;661.25;674.17;682.77;689.39;181
656;19;659;19;664;19;668;19;673;19;678;19;683;19;688;19;693;19;237.7;404.28;524.44;597.28;637.84;660.07;673.07;681.71;688.36;182
655;19;658;19;663;19;667;19;672;19;677;19;682;19;687;19;692;19;236.79;402.83;522.85;595.81;636.53;658.88;671.96;680.65;687.32;183
654;19;657;19;662;19;666;19;671;19;676;19;681;19;686;19;691;19;235.89;401.39;521.27;594.34;635.22;657.7;670.86;679.59;686.28;184
653;19;656;19;661;19;665;19;670;19;675;19;680;19;685;19;690;19;234.99;399.95;519.69;592.86;633.9;656.51;669.75;678.52;685.24;185
652;19;655;19;660;19;664;19;669;19;674;19;679;19;684;19;689;19;234.09;398.52;518.11;591.39;632.59;655.32;668.64;677.46;684.2;186
651;19;654;19;659;19;663;19;668;19;673;19;678;19;683;19;688;19;233.19;397.08;516.52;589.91;631.27;654.13;667.53;676.4;683.16;187
650;19;653;19;658;19;662;19;667;19;672;19;677;19;682;19;687;19;232.3;395.65;514.94;588.43;629.95;652.94;666.42;675.33;682.12;188
649;19;652;19;657;19;661;19;666;19;671;19;676;19;681;19;686;19;231.41;394.23;513.36;586.94;628.62;651.74;665.31;674.27;681.08;189
648;19;651;19;656;19;660;19;665;19;670;19;675;19;680;19;685;19;230.52;392.8;511.78;585.46;627.3;650.54;664.19;673.2;680.04;190
600;19;622;19;633;19;640;19;648;19;655;19;662;19;670;19;683;19;190.87;341.56;462.66;545.21;596.73;627.29;646.1;659.44;673.1;191
611;19;633;19;644;19;651;19;659;19;666;19;673;19;681;19;694;19;199.45;356.31;480.01;562.1;612.02;641.03;658.76;671.45;684.8;192
622;19;644;19;655;19;662;19;670;19;677;19;684;19;692;19;705;19;208.32;371.41;497.47;578.85;627.05;654.54;671.24;683.35;696.42;193
430;19;444;19;453;19;462;19;467;19;477;19;482;19;490;19;494;19;92.531;158.7;222.16;280.82;331.04;374.44;408.53;436.02;456.31;194
252;19;266;19;275;19;284;19;289;19;299;19;304;19;312;19;316;19;42.481;62.938;84.018;105.67;126.89;148.66;169.57;190.23;209.48;195
670;19;673;19;676;19;680;19;683;19;686;19;690;19;693;19;697;19;250.67;424.74;545.13;615.7;652.55;671.35;682.07;688.43;693.52;196
671;19;674;19;677;19;681;19;684;19;687;19;691;19;694;19;698;19;251.61;426.22;546.71;617.15;653.82;672.5;683.16;689.48;694.55;197
672;19;675;19;678;19;682;19;685;19;688;19;692;19;695;19;699;19;252.56;427.7;548.29;618.59;655.1;673.66;684.24;690.53;695.58;198
673;19;676;19;679;19;683;19;686;19;689;19;693;19;696;19;700;19;253.51;429.18;549.87;620.03;656.38;674.82;685.33;691.58;696.61;199
674;19;677;19;680;19;684;19;687;19;690;19;694;19;697;19;701;19;254.46;430.67;551.45;621.47;657.65;675.97;686.41;692.62;697.64;200
666;19;671;19;675;19;677;19;680;19;682;19;685;19;687;19;690;19;246.91;420.51;541.92;612.06;649.03;667.39;677.4;682.91;687.07;201
669;19;674;19;678;19;680;19;683;19;685;19;688;19;690;19;693;19;249.72;424.94;546.67;616.41;652.88;670.87;680.67;686.05;690.15;202
672;19;677;19;681;19;683;19;686;19;688;19;691;19;693;19;696;19;252.56;429.38;551.42;620.74;656.71;674.34;683.92;689.19;693.23;203
675;19;680;19;684;19;686;19;689;19;691;19;694;19;696;19;699;19;255.42;433.85;556.16;625.05;660.52;677.79;687.17;692.32;696.3;204
678;19;683;19;687;19;689;19;692;19;694;19;697;19;699;19;702;19;258.31;438.34;560.9;629.34;664.31;681.23;690.4;695.45;699.37;205
100;19;200;19;300;19;400;19;470;19;540;19;600;19;630;19;700;19;25.534;37.838;66.113;120.27;196.72;297.98;412.8;509.33;612.84;206
155;19;215;19;275;19;335;19;395;19;455;19;515;19;575;19;635;19;29.79;43.57;66.208;100.69;150.11;216.96;301.68;400.79;506.02;207
210;19;270;19;330;19;390;19;450;19;510;19;570;19;630;19;690;19;25.534;33.38;47.701;71.1;106.58;157.19;225.31;311.1;410.67;208
100;19;100;19;100;19;100;19;100;19;100;19;100;19;100;19;100;19;25.534;28.651;31.675;34.604;37.44;40.183;42.834;45.393;47.863;209
200;19;200;19;200;19;200;19;200;19;200;19;200;19;200;19;200;19;34.73;45.92;56.707;67.069;76.983;86.431;95.402;103.88;111.88;210
600;19;600;19;600;19;600;19;600;19;600;19;600;19;600;19;600;19;190.87;325.43;430.11;501.67;545.66;570.81;584.57;591.91;595.78;211
450;19;450;19;450;19;450;19;450;19;450;19;450;19;450;19;450;19;101.1;168.47;229.33;281.94;325.37;359.69;385.77;404.99;418.79;212
680;19;680;19;680;19;680;19;680;19;680;19;680;19;680;19;680;19;260.24;437.07;555.13;620.69;653;667.96;674.68;677.66;678.97;213
700;19;687;19;680;19;670;19;662;19;655;19;647;19;640;19;635;19;280.19;456.15;566.02;619.73;641.87;648.6;647.45;643.28;638.79;214
691;19;678;19;671;19;661;19;662;19;655;19;647;19;640;19;635;19;271.08;442.58;552.01;607.12;636.13;645.88;646.17;642.67;638.5;215
680;19;680;19;680;19;680;19;680;19;680;19;680;19;680;19;680;19;260.24;437.07;555.13;620.69;653;667.96;674.68;677.66;678.97;216
700;19;687;19;680;19;670;19;662;19;655;19;647;19;640;19;635;19;280.19;456.15;566.02;619.73;641.87;648.6;647.45;643.28;638.79;217
691;19;678;19;671;19;661;19;662;19;655;19;647;19;640;19;635;19;271.08;442.58;552.01;607.12;636.13;645.88;646.17;642.67;638.5;218
657;23;660;23;665;23;670;23;675;23;680;23;685;23;690;14;695;14;276.54;460.49;573.54;630.82;658.03;671.89;680.32;685.06;689.97;219
658;23;661;23;666;23;671;23;676;23;681;23;686;23;691;14;696;14;277.6;462.03;575.07;632.15;659.21;672.98;681.36;686.1;691;220
659;23;662;23;667;23;672;23;677;23;682;23;687;23;692;14;697;14;278.65;463.58;576.59;633.48;660.38;674.07;682.41;687.13;692.03;221
660;23;663;23;668;23;673;23;678;23;683;23;688;23;693;14;698;14;279.71;465.12;578.11;634.8;661.56;675.15;683.46;688.16;693.05;222
661;23;664;23;669;23;674;23;679;23;684;23;689;23;694;14;699;14;280.78;466.67;579.63;636.13;662.73;676.24;684.5;689.2;694.08;223
662;23;665;23;670;23;675;23;680;23;685;23;690;23;695;14;700;14;281.84;468.22;581.15;637.45;663.9;677.33;685.54;690.23;695.11;224
663;23;666;23;671;23;676;23;681;23;686;23;691;23;696;14;701;14;282.91;469.77;582.66;638.78;665.07;678.41;686.59;691.26;696.13;225
664;23;667;23;672;23;677;23;682;23;687;23;692;23;697;14;702;14;283.98;471.33;584.18;640.09;666.24;679.49;687.63;692.29;697.16;226
665;23;668;23;673;23;678;23;683;23;688;23;693;23;698;14;703;14;285.05;472.88;585.69;641.41;667.41;680.58;688.67;693.32;698.18;227
656;23;659;23;664;23;669;23;674;23;679;23;684;23;689;14;694;14;275.49;458.94;572.02;629.48;656.85;670.8;679.27;684.03;688.95;228
655;23;658;23;663;23;668;23;673;23;678;23;683;23;688;14;693;14;274.44;457.4;570.5;628.15;655.67;669.7;678.22;682.99;687.92;229
654;23;657;23;662;23;667;23;672;23;677;23;682;23;687;14;692;14;273.39;455.86;568.97;626.81;654.49;668.61;677.18;681.96;686.89;230
653;23;656;23;661;23;666;23;671;23;676;23;681;23;686;14;691;14;272.35;454.33;567.44;625.47;653.3;667.52;676.13;680.92;685.86;231
652;23;655;23;660;23;665;23;670;23;675;23;680;23;685;14;690;14;271.31;452.79;565.91;624.13;652.12;666.42;675.08;679.89;684.83;232
651;23;654;23;659;23;664;23;669;23;674;23;679;23;684;14;689;14;270.27;451.26;564.39;622.78;650.93;665.33;674.03;678.85;683.8;233
658;23;661;23;666;23;670;23;675;23;680;23;685;23;690;14;695;14;277.6;462.03;575.07;631.44;658.28;671.98;680.35;685.08;689.98;234
659;23;662;23;667;23;671;23;676;23;681;23;686;23;691;14;696;14;278.65;463.58;576.59;632.77;659.46;673.07;681.4;686.12;691.01;235
660;23;663;23;668;23;672;23;677;23;682;23;687;23;692;14;697;14;279.71;465.12;578.11;634.1;660.63;674.16;682.45;687.15;692.04;236
661;23;664;23;669;23;673;23;678;23;683;23;688;23;693;14;698;14;280.78;466.67;579.63;635.42;661.8;675.25;683.49;688.18;693.06;237
662;23;665;23;670;23;674;23;679;23;684;23;689;23;694;14;699;14;281.84;468.22;581.15;636.75;662.97;676.33;684.53;689.22;694.09;238
663;23;666;23;671;23;675;23;680;23;685;23;690;23;695;14;700;14;282.91;469.77;582.66;638.07;664.14;677.42;685.58;690.25;695.12;239
664;23;667;23;672;23;676;23;681;23;686;23;691;23;696;14;701;14;283.98;471.33;584.18;639.38;665.31;678.5;686.62;691.28;696.14;240
665;23;668;23;673;23;677;23;682;23;687;23;692;23;697;14;702;14;285.05;472.88;585.69;640.7;679.58;679.58;687.66;692.31;697.17;241
666;23;669;23;674;23;678;23;683;23;688;23;693;23;698;14;703;14;286.13;474.44;587.21;642.02;667.64;680.66;688.71;693.34;698.19;242
657;23;660;23;665;23;669;23;674;23;679;23;684;23;689;14;694;14;276.54;460.49;573.54;630.11;657.1;670.89;679.31;684.05;688.96;243
656;23;659;23;664;23;668;23;673;23;678;23;683;23;688;14;693;14;275.49;458.94;572.02;628.78;655.92;669.8;678.26;683.01;687.93;244
655;23;658;23;663;23;667;23;672;23;677;23;682;23;687;14;692;14;274.44;457.4;570.5;627.44;654.74;668.71;677.21;681.98;686.9;245
654;23;657;23;662;23;666;23;671;23;676;23;681;23;686;14;691;14;273.39;455.86;568.97;626.11;653.56;667.62;676.16;680.94;685.87;246
653;23;656;23;661;23;665;23;670;23;675;23;680;23;685;14;690;14;272.35;454.33;567.44;624.77;652.38;666.52;675.12;679.91;684.84;247
652;23;655;23;660;23;664;23;669;23;674;23;679;23;684;14;689;14;271.31;452.79;565.91;623.43;651.19;665.43;674.07;678.87;683.81;248
651;23;654;23;659;23;663;23;668;23;673;23;678;23;683;14;688;14;270.27;451.26;564.39;622.08;650;664.33;673.02;677.84;682.79;249
650;23;653;23;658;23;662;23;667;23;672;23;677;23;682;14;687;14;269.24;449.72;562.86;620.74;648.82;663.23;671.97;676.8;681.76;250
649;23;652;23;657;23;661;23;666;23;671;23;676;23;681;14;686;14;268.21;448.19;561.32;619.39;647.62;662.14;670.91;675.76;680.73;251
648;23;651;23;656;23;660;23;665;23;670;23;675;23;680;14;685;14;267.18;446.66;559.79;618.04;646.43;661.04;669.86;674.72;679.7;252
600;23;622;23;633;23;640;23;648;23;655;23;662;23;670;14;683;14;221.08;391.32;512.54;582.74;620.7;641.31;654.07;661.54;671.94;253
611;23;633;23;644;23;651;23;659;23;666;23;673;23;681;14;694;14;231.08;407.5;529.81;598.33;634.44;653.81;665.88;673.15;683.49;254
622;23;644;23;655;23;662;23;670;23;677;23;684;23;692;14;705;14;241.41;423.95;547.02;613.68;647.95;666.14;677.59;684.69;694.99;255
430;23;444;23;453;23;462;23;467;23;477;23;482;23;490;14;494;14;105.57;183.53;255.56;318.38;368.1;407.85;436.39;451.04;463.01;256
252;23;266;23;275;23;284;23;289;23;299;23;304;23;312;14;316;14;46.31;70.725;95.611;120.79;145.01;169.31;192.02;205.77;218.88;257
670;23;673;23;676;23;680;23;683;23;686;23;690;23;693;14;697;14;290.47;480.68;591.69;645.25;668.83;679.75;686.4;689.64;693.31;258
671;23;674;23;677;23;681;23;684;23;687;23;691;23;694;14;698;14;291.56;482.24;593.19;646.56;669.99;680.83;687.44;690.67;694.33;259
672;23;675;23;678;23;682;23;685;23;688;23;692;23;695;14;699;14;292.65;483.8;594.7;647.86;671.14;681.9;688.48;691.69;695.35;260
673;23;676;23;679;23;683;23;686;23;689;23;693;23;696;14;700;14;293.75;485.37;596.2;649.16;672.3;682.98;689.51;692.72;696.37;261
674;23;677;23;680;23;684;23;687;23;690;23;694;23;697;14;701;14;294.85;486.93;597.7;650.46;673.45;684.05;690.55;693.74;697.39;262
666;23;671;23;675;23;677;23;680;23;682;23;685;23;687;14;690;14;286.13;476.26;588.8;641.95;665.6;675.94;681.76;684.29;687.1;263
669;23;674;23;678;23;680;23;683;23;685;23;688;23;690;14;693;14;289.38;480.94;593.33;645.87;669.07;679.17;684.87;687.36;690.15;264
672;23;677;23;681;23;683;23;686;23;688;23;691;23;693;14;696;14;292.65;485.64;597.84;649.77;672.53;682.38;687.97;690.43;693.2;265
675;23;680;23;684;23;686;23;689;23;691;23;694;23;696;14;699;14;295.95;490.34;602.35;653.66;675.98;685.59;691.08;693.5;696.25;266
678;23;683;23;687;23;689;23;692;23;694;23;697;23;699;14;702;14;299.28;495.06;606.84;657.53;679.41;688.8;694.17;696.56;699.3;267
100;23;200;23;300;23;400;23;470;23;540;23;600;23;630;14;700;14;26.197;40.837;74.431;138.35;227.03;340.05;459.75;587.57;601.55;268
155;23;215;23;275;23;335;23;395;23;455;23;515;23;575;14;635;14;31.25;47.675;74.556;115.22;172.81;248.97;341.89;410.9;491.39;269
210;23;270;23;330;23;390;23;450;23;510;23;570;23;630;14;690;14;38.665;64.901;104.74;161.42;236.88;329.71;433.17;504.98;584.58;270
100;23;100;23;100;23;100;23;100;23;100;23;100;23;100;14;100;14;26.197;29.934;33.532;36.994;40.32;43.51;46.568;48.365;50.115;271
200;23;200;23;200;23;200;23;200;23;200;23;200;23;200;14;200;14;37.114;50.504;63.29;75.431;86.894;97.656;107.7;113.47;118.98;272
600;23;600;23;600;23;600;23;600;23;600;23;600;23;600;14;600;14;221.08;373.26;478.47;539.73;571.42;586.75;593.93;596.26;597.7;273
450;23;450;23;450;23;450;23;450;23;450;23;450;23;450;14;450;14;115.69;194.91;263.44;318.92;361.02;391.2;411.9;421.01;428.03;274
680;23;680;23;680;23;680;23;680;23;680;23;680;23;680;14;680;14;301.51;493.59;600.81;648.91;668.21;675.59;678.36;679.11;679.52;275
700;23;687;23;680;23;670;23;662;23;655;23;647;23;640;14;635;14;324.43;513.13;609.84;645.71;655.31;654.89;649.91;645.38;640.79;276
691;23;678;23;671;23;661;23;662;23;655;23;647;23;640;14;635;14;313.97;499;596.64;634.35;651.06;653.2;649.24;644.99;640.56;277
655;23;663;23;667;23;673;23;677;23;681;23;685;23;690;14;694;14;274.44;461.89;575.67;633.79;660.47;673.43;680.86;685.35;689.6;278
662;23;670;23;674;23;680;23;683;23;684;23;690;23;693;14;696;14;281.84;472.75;586.31;643.06;667.98;678.08;685.86;689.35;692.63;279
660;23;663;23;667;23;673;23;677;23;681;23;685;23;690;14;694;14;279.71;465.12;577.34;634.51;660.76;673.53;680.9;685.38;689.62;280
666;23;668;23;670;23;673;23;676;23;678;23;681;23;684;14;687;14;286.13;473.53;583.7;637.14;661.12;671.69;677.63;680.71;683.77;281
668;23;670;23;672;23;674;23;676;23;678;23;680;23;682;14;684;14;288.29;476.65;586.72;639.06;661.85;671.97;677.07;679.43;681.63;282
669;23;670;23;672;23;674;23;676;23;677;23;680;23;682;14;683;14;289.38;477.3;587.05;639.2;661.9;671.32;676.86;679.32;681.06;283
673;23;674;23;675;23;676;23;677;23;678;23;679;23;680;14;681;14;293.75;483.54;592.29;642.72;663.89;672.72;676.68;678.25;679.56;284
675;23;676;23;677;23;678;23;679;23;680;23;681;23;682;14;683;14;295.95;486.67;595.29;645.31;666.2;674.86;678.75;680.29;681.59;285
676;23;677;23;678;23;679;23;680;23;681;23;682;23;683;14;684;14;297.06;488.24;596.79;646.61;667.34;675.93;679.78;681.31;682.6;286
679;23;680;23;681;23;682;23;683;23;684;23;685;23;686;14;687;14;300.39;492.94;601.27;650.48;670.78;679.13;682.87;684.37;685.64;287
663;23;667;23;669;23;671;23;675;23;678;23;680;23;682;14;684;14;282.91;470.68;581.53;634.83;659.6;671.14;676.76;679.26;681.54;288
665;23;669;23;671;23;673;23;677;23;680;23;682;23;684;14;686;14;285.05;473.79;584.56;637.47;661.93;673.31;678.84;681.31;683.58;289
667;23;671;23;673;23;675;23;679;23;682;23;684;23;686;14;688;14;287.21;476.9;587.58;640.09;664.26;675.47;680.91;683.36;685.61;290
669;23;673;23;675;23;677;23;681;23;684;23;686;23;688;14;690;14;289.38;480.03;590.59;642.7;666.57;677.62;682.99;685.41;687.65;291
671;23;675;23;677;23;679;23;683;23;686;23;688;23;690;14;692;14;291.56;483.15;593.6;645.31;668.89;679.77;685.06;687.46;689.68;292
660;23;664;23;668;23;672;23;676;23;680;23;684;23;688;14;692;14;279.71;466.02;578.52;634.28;660.02;672.61;679.92;683.86;687.86;293
661;23;665;23;669;23;673;23;677;23;681;23;685;23;689;14;693;14;280.78;467.57;580.04;635.6;661.19;673.7;680.96;684.89;688.88;294
662;23;666;23;670;23;674;23;678;23;682;23;686;23;690;14;694;14;281.84;469.13;581.56;636.92;662.36;674.78;682;685.92;689.91;295
663;23;667;23;671;23;675;23;679;23;683;23;687;23;691;14;695;14;282.91;470.68;583.08;638.24;663.53;675.87;683.04;686.95;690.93;296
664;23;668;23;672;23;676;23;680;23;684;23;688;23;692;14;696;14;283.98;472.23;584.59;639.56;664.7;676.95;684.09;687.98;691.95;297
665;23;669;23;673;23;677;23;681;23;685;23;689;23;693;14;697;14;285.05;473.79;586.1;640.88;665.86;678.03;685.13;689.01;692.97;298
666;23;670;23;674;23;678;23;682;23;686;23;690;23;694;14;698;14;286.13;475.35;587.62;642.19;667.02;679.11;686.17;690.04;694;299
650;23;640;23;630;23;660;23;680;23;685;23;690;23;693;14;697;14;269.24;438.41;536.51;608.35;652.74;673.08;683.98;688.35;692.62;300
658;23;658;23;658;23;658;23;658;23;658;23;658;23;658;14;658;14;277.6;459.35;567.7;620.13;642.71;651.92;655.6;656.65;657.24;301
684;23;684;23;684;23;684;23;684;23;684;23;684;23;684;14;684;14;306;499.88;606.76;654.04;672.76;679.84;682.47;683.18;683.56;302
511;23;511;23;511;23;511;23;511;23;511;23;511;23;511;14;511;14;151.95;258.61;344.92;407.82;449.61;475.53;490.87;496.87;501.11;303
680;23;670;23;666;23;600;23;655;23;650;23;644;23;640;14;638;14;301.51;484.52;586.08;591.24;630.41;641.86;642.93;641.51;639.94;304
650;23;655;23;660;23;665;23;675;23;680;23;685;23;685;14;695;14;269.24;451.5;565.23;623.82;655.39;670.88;679.94;682.28;688.73;305
651;23;656;23;661;23;666;23;676;23;681;23;686;23;686;14;696;14;270.27;453.03;566.76;625.17;656.59;671.97;680.99;683.31;689.76;306
652;23;657;23;662;23;667;23;677;23;682;23;687;23;687;14;697;14;271.31;454.57;568.29;626.51;657.78;673.07;682.04;684.34;690.78;307
653;23;658;23;663;23;668;23;678;23;683;23;688;23;688;14;698;14;272.35;456.11;569.82;627.85;658.96;674.17;683.09;685.37;691.81;308
650;23;655;23;660;23;665;23;673;23;677;23;685;23;690;14;695;14;269.24;451.5;565.23;623.82;654.03;668.4;679.12;684.42;689.63;309
651;23;656;23;661;23;666;23;674;23;678;23;686;23;691;14;696;14;270.27;453.03;566.76;625.17;655.22;669.5;680.17;685.46;690.66;310
652;23;657;23;662;23;667;23;675;23;679;23;687;23;692;14;697;14;271.31;454.57;568.29;626.51;656.41;670.59;681.22;686.49;691.69;311
653;23;658;23;663;23;668;23;676;23;680;23;688;23;693;14;698;14;272.35;456.11;569.82;627.85;657.59;671.69;682.27;687.53;692.72;312
654;23;659;23;664;23;669;23;677;23;681;23;689;23;694;14;699;14;273.39;457.65;571.35;629.19;658.78;672.78;683.32;688.57;693.75;313
655;23;660;23;665;23;670;23;678;23;682;23;690;23;695;14;700;14;274.44;459.19;572.87;630.52;659.96;673.87;684.37;689.6;694.78;314
656;23;661;23;666;23;671;23;679;23;683;23;691;23;696;14;701;14;275.49;460.73;574.4;631.86;661.14;674.96;685.42;690.64;695.8;315
657;23;662;23;667;23;672;23;680;23;684;23;692;23;697;14;702;14;276.54;462.28;575.92;633.19;662.32;676.05;686.47;691.68;696.83;316
658;23;663;23;668;23;673;23;681;23;685;23;693;23;698;14;703;14;277.6;463.83;577.44;634.52;663.5;677.14;687.52;692.71;697.86;317
659;23;664;23;669;23;674;23;682;23;686;23;694;23;699;14;704;14;278.65;465.37;578.97;635.84;664.68;678.23;688.56;693.75;698.89;318
660;23;665;23;670;23;675;23;683;23;687;23;695;23;700;14;705;14;279.71;466.92;580.49;637.17;665.85;679.31;689.61;694.78;699.92;319
661;23;666;23;671;23;676;23;684;23;688;23;696;23;701;14;706;14;280.78;468.48;582;638.49;667.02;680.4;690.66;695.81;700.94;320
657;25;660;25;665;25;670;25;675;25;680;25;685;25;690;13.5;695;13.5;294.87;484.29;591.26;640.81;663;674.27;681.51;685.61;690.16;321
658;25;661;25;666;25;671;25;676;25;681;25;686;25;691;13.5;696;13.5;295.99;485.86;592.73;642.08;664.13;675.33;682.54;686.63;691.18;322
659;25;662;25;667;25;672;25;677;25;682;25;687;25;692;13.5;697;13.5;297.11;487.43;594.21;643.35;665.26;676.39;683.57;687.66;692.2;323
660;25;663;25;668;25;673;25;678;25;683;25;688;25;693;13.5;698;13.5;298.24;488.99;595.68;644.62;666.4;677.46;684.6;688.68;693.22;324
661;25;664;25;669;25;674;25;679;25;684;25;689;25;694;13.5;699;13.5;299.37;490.56;597.15;645.88;667.52;678.52;685.63;689.71;694.25;325
662;25;665;25;670;25;675;25;680;25;685;25;690;25;695;13.5;700;13.5;300.5;492.13;598.62;647.15;668.65;679.58;686.66;690.73;695.27;326
663;25;666;25;671;25;676;25;681;25;686;25;691;25;696;13.5;701;13.5;301.63;493.7;600.09;648.41;669.78;680.64;687.69;691.76;696.29;327
664;25;667;25;672;25;677;25;682;25;687;25;692;25;697;13.5;702;13.5;302.77;495.28;601.55;649.67;670.9;681.7;688.72;692.78;697.31;328
665;25;668;25;673;25;678;25;683;25;688;25;693;25;698;13.5;703;13.5;303.91;496.85;603.02;650.92;672.03;682.75;689.75;693.8;698.33;329
656;25;659;25;664;25;669;25;674;25;679;25;684;25;689;13.5;694;13.5;293.75;482.73;589.78;639.54;661.87;673.2;680.47;684.58;689.13;330
655;25;658;25;663;25;668;25;673;25;678;25;683;25;688;13.5;693;13.5;292.64;481.16;588.3;638.26;660.73;672.14;679.44;683.56;688.11;331
654;25;657;25;662;25;667;25;672;25;677;25;682;25;687;13.5;692;13.5;291.53;479.6;586.82;636.99;659.59;671.07;678.41;682.53;687.09;332
653;25;656;25;661;25;666;25;671;25;676;25;681;25;686;13.5;691;13.5;290.42;478.04;585.34;635.71;658.45;670.01;677.37;681.5;686.07;333
652;25;655;25;660;25;665;25;670;25;675;25;680;25;685;13.5;690;13.5;289.32;476.48;583.86;634.43;657.31;668.94;676.34;680.48;685.04;334
651;25;654;25;659;25;664;25;669;25;674;25;679;25;684;13.5;689;13.5;288.21;474.92;582.37;633.14;656.17;667.87;675.31;679.45;684.02;335
658;25;661;25;666;25;670;25;675;25;680;25;685;25;690;13.5;695;13.5;295.99;485.86;592.73;641.36;663.2;674.34;681.53;685.62;690.16;336
659;25;662;25;667;25;671;25;676;25;681;25;686;25;691;13.5;696;13.5;297.11;487.43;594.21;642.63;664.33;675.4;682.56;686.65;691.19;337
660;25;663;25;668;25;672;25;677;25;682;25;687;25;692;13.5;697;13.5;298.24;488.99;595.68;643.89;665.46;676.46;683.59;687.67;692.21;338
661;25;664;25;669;25;673;25;678;25;683;25;688;25;693;13.5;698;13.5;299.37;490.56;597.15;645.16;666.59;677.52;684.62;688.7;693.23;339
662;25;665;25;670;25;674;25;679;25;684;25;689;25;694;13.5;699;13.5;300.5;492.13;598.62;646.42;667.72;678.58;685.65;689.72;694.25;340
663;25;666;25;671;25;675;25;680;25;685;25;690;25;695;13.5;700;13.5;301.63;493.7;600.09;647.68;668.84;679.64;686.68;690.74;695.27;341
664;25;667;25;672;25;676;25;681;25;686;25;691;25;696;13.5;701;13.5;302.77;495.28;601.55;648.94;669.97;680.7;687.71;691.77;696.3;342
665;25;668;25;673;25;677;25;682;25;687;25;692;25;697;13.5;702;13.5;303.91;496.85;603.02;650.19;671.09;681.76;688.74;692.79;697.32;343
666;25;669;25;674;25;678;25;683;25;688;25;693;25;698;13.5;703;13.5;305.05;498.42;604.48;651.45;672.21;682.82;689.77;693.81;698.34;344
657;25;660;25;665;25;669;25;674;25;679;25;684;25;689;13.5;694;13.5;294.87;484.29;591.26;640.09;662.07;673.27;680.5;684.59;689.14;345
656;25;659;25;664;25;668;25;673;25;678;25;683;25;688;13.5;693;13.5;293.75;482.73;589.78;638.82;660.93;672.21;679.47;683.57;688.12;346
655;25;658;25;663;25;667;25;672;25;677;25;682;25;687;13.5;692;13.5;292.64;481.16;588.3;637.54;659.8;671.15;678.43;682.54;687.1;347
654;25;657;25;662;25;666;25;671;25;676;25;681;25;686;13.5;691;13.5;291.53;479.6;586.82;636.27;658.66;670.08;677.4;681.52;686.07;348
653;25;656;25;661;25;665;25;670;25;675;25;680;25;685;13.5;690;13.5;290.42;478.04;585.34;634.99;657.52;669.01;676.37;680.49;685.05;349
652;25;655;25;660;25;664;25;669;25;674;25;679;25;684;13.5;689;13.5;289.32;476.48;583.86;633.71;656.38;667.95;675.33;675.33;684.03;350
651;25;654;25;659;25;663;25;668;25;673;25;678;25;683;13.5;688;13.5;288.21;474.92;582.37;632.43;655.24;666.88;674.3;678.44;683;351
650;25;653;25;658;25;662;25;667;25;672;25;677;25;682;13.5;687;13.5;287.11;473.36;580.89;631.14;654.1;665.81;673.26;677.41;681.98;352
649;25;652;25;657;25;661;25;666;25;671;25;676;25;681;13.5;686;13.5;286.02;471.8;579.4;629.86;652.95;664.74;672.23;676.38;680.95;353
648;25;651;25;656;25;660;25;665;25;670;25;675;25;680;13.5;685;13.5;284.92;470.24;577.91;628.57;651.81;663.67;671.19;675.35;679.93;354
600;25;622;25;633;25;640;25;648;25;655;25;662;25;670;13.5;683;13.5;235.81;413.78;532.33;595.6;627.88;645.07;656.05;662.49;672.24;355
657;20;660;20;665;20;670;20;675;20;680;20;685;20;690;14.54;695;14.54;248.24;420.31;539.59;609.03;645.91;665.54;677;683.43;689.24;356
658;20;661;20;666;20;671;20;676;20;681;20;686;20;691;14.54;696;14.54;249.19;421.79;541.16;610.47;647.18;666.69;678.09;684.49;690.28;357
659;20;662;20;667;20;672;20;677;20;682;20;687;20;692;14.54;697;14.54;250.14;423.27;542.73;611.9;648.44;667.84;679.17;685.55;691.32;358
660;20;663;20;668;20;673;20;678;20;683;20;688;20;693;14.54;698;14.54;251.1;424.75;544.31;613.33;649.71;668.99;680.25;686.6;692.36;359
661;20;664;20;669;20;674;20;679;20;684;20;689;20;694;14.54;699;14.54;252.05;426.24;545.88;614.76;650.97;670.14;681.33;687.66;693.4;360
662;20;665;20;670;20;675;20;680;20;685;20;690;20;695;14.54;700;14.54;253.01;427.73;547.46;616.19;652.23;671.29;682.41;688.71;694.44;361
663;20;666;20;671;20;676;20;681;20;686;20;691;20;696;14.54;701;14.54;253.97;429.22;549.03;617.61;653.49;672.43;683.49;689.76;695.48;362
664;20;667;20;672;20;677;20;682;20;687;20;692;20;697;14.54;702;14.54;254.94;430.71;550.6;619.03;654.75;673.58;684.57;690.82;696.51;363
665;20;668;20;673;20;678;20;683;20;688;20;693;20;698;14.54;703;14.54;255.91;432.2;552.17;620.46;656.01;674.72;685.65;691.87;697.55;364
656;20;659;20;664;20;669;20;674;20;679;20;684;20;689;14.54;694;14.54;247.3;418.83;538.01;609.02;644.64;664.39;675.92;682.38;688.2;365
655;20;658;20;663;20;668;20;673;20;678;20;683;20;688;14.54;693;14.54;246.35;417.36;536.44;606.16;643.36;663.23;674.83;681.32;687.16;366
654;20;657;20;662;20;667;20;672;20;677;20;682;20;687;14.54;692;14.54;245.41;415.88;534.86;604.72;642.09;662.08;673.75;680.26;686.12;367
653;20;656;20;661;20;666;20;671;20;676;20;681;20;686;14.54;691;14.54;244.47;414.41;533.29;603.28;640.81;660.92;672.66;679.2;685.08;368
652;20;655;20;660;20;665;20;670;20;675;20;680;20;685;14.54;690;14.54;243.54;412.95;531.71;601.83;639.53;659.76;671.57;678.14;684.04;369
651;20;654;20;659;20;664;20;669;20;674;20;679;20;684;14.54;689;14.54;242.61;411.48;530.14;600.39;638.25;658.6;670.48;677.08;682.99;370
658;20;661;20;666;20;670;20;675;20;680;20;685;20;690;14.54;695;14.54;249.19;421.79;541.16;609.79;646.26;665.7;677.07;683.47;689.26;371
659;20;662;20;667;20;671;20;676;20;681;20;686;20;691;14.54;696;14.54;250.14;423.27;542.73;611.22;647.53;666.85;678.15;684.53;690.3;372
660;20;663;20;668;20;672;20;677;20;682;20;687;20;692;14.54;697;14.54;251.1;424.75;544.31;612.65;648.79;668;679.23;685.58;691.34;373
661;20;664;20;669;20;673;20;678;20;683;20;688;20;693;14.54;698;14.54;252.05;426.24;545.88;614.08;650.05;669.14;680.32;686.64;692.38;374
662;20;665;20;670;20;674;20;679;20;684;20;689;20;694;14.54;699;14.54;253.01;427.73;547.46;615.51;651.32;670.29;681.4;687.69;693.42;375
663;20;666;20;671;20;675;20;680;20;685;20;690;20;695;14.54;700;14.54;253.97;429.22;549.03;616.93;652.57;671.44;682.48;688.74;694.46;376
664;20;667;20;672;20;676;20;681;20;686;20;691;20;696;14.54;701;14.54;254.94;430.71;550.6;618.35;653.83;672.58;683.55;689.79;695.49;377
665;20;668;20;673;20;677;20;682;20;687;20;692;20;697;14.54;702;14.54;255.91;432.2;552.17;619.77;655.09;673.72;684.63;690.85;696.53;378
666;20;669;20;674;20;678;20;683;20;688;20;693;20;698;14.54;703;14.54;256.88;433.7;553.74;621.19;656.34;674.86;685.71;691.9;697.57;379
657;20;660;20;665;20;669;20;674;20;679;20;684;20;689;14.54;694;14.54;248.24;420.31;539.59;608.36;644.99;664.54;675.98;682.41;688.22;380
656;20;659;20;664;20;668;20;673;20;678;20;683;20;688;14.54;693;14.54;247.3;418.83;538.01;606.92;643.72;663.39;674.9;681.36;687.18;381
655;20;658;20;663;20;667;20;672;20;677;20;682;20;687;14.54;692;14.54;246.35;417.36;536.44;605.48;642.45;662.23;673.81;680.3;686.14;382
654;20;657;20;662;20;666;20;671;20;676;20;681;20;686;14.54;691;14.54;245.41;415.88;534.86;604.04;641.17;661.08;672.73;679.24;685.1;383
653;20;656;20;661;20;665;20;670;20;675;20;680;20;685;14.54;690;14.54;244.47;414.41;533.29;602.6;639.9;659.92;671.64;678.18;684.05;384
652;20;655;20;660;20;664;20;669;20;674;20;679;20;684;14.54;689;14.54;243.54;412.95;531.71;601.16;638.62;658.76;670.55;677.12;683.01;385
651;20;654;20;659;20;663;20;668;20;673;20;678;20;683;14.54;688;14.54;242.61;411.48;530.14;599.72;637.34;657.6;669.46;676.06;681.97;386
650;20;653;20;658;20;662;20;667;20;672;20;677;20;682;14.54;687;14.54;241.68;410.02;528.56;598.27;636.05;656.43;668.37;675;680.92;387
649;20;652;20;657;20;661;20;666;20;671;20;676;20;681;14.54;686;14.54;240.75;408.56;526.98;596.82;634.77;655.27;667.28;673.94;679.88;388
648;20;651;20;656;20;660;20;665;20;670;20;675;20;680;14.54;685;14.54;239.82;407.1;525.41;595.37;633.48;654.1;666.18;672.87;678.84;389
600;20;622;20;633;20;640;20;648;20;655;20;662;20;670;14.54;683;14.54;198.51;354.59;476.5;556.33;604.27;631.93;648.83;658.85;670.74;390
